Feature,RandomForest,XGBoost
relative_humidity_2m,0.1673848066415224,0.13515458
date,0.15010602812949728,0.13483514
windspeed_10m,0.15915176918121693,0.12893094
launch_location,0.12212366531270488,0.12733333
time,0.1346089985734357,0.12217372
temperature_2m,0.12408159631666212,0.11990603
precipitation,0.11400629080919025,0.11733817
Status Mission,0.028536845035770534,0.114328064
